-- Fake data for development environment (H2 database only)

-- Insert fake profiles
INSERT INTO profile (id, email, forename, surname, password, job_title, location, avatar, email_verification, last_login, status, subscription) VALUES
('550e8400-e29b-41d4-a716-446655440001', 'john.doe@example.com', 'John', 'Doe', '$2a$10$N.zmdr9k7uOCQb376NoUnuTJ8iYqiSfp5cyeOOBYrB/wFjKOgDK8a', 'Software Engineer', 'San Francisco, CA', null, true, '2024-09-01 10:30:00', 'ACTIVE', 'PREMIUM'),
('550e8400-e29b-41d4-a716-446655440002', 'jane.smith@example.com', 'Jane', 'Smith', '$2a$10$N.zmdr9k7uOCQb376NoUnuTJ8iYqiSfp5cyeOOBYrB/wFjKOgDK8a', 'Frontend Developer', 'New York, NY', null, true, '2024-09-02 14:15:00', 'ACTIVE', 'BASIC'),
('550e8400-e29b-41d4-a716-446655440003', 'mike.wilson@example.com', 'Mike', 'Wilson', '$2a$10$N.zmdr9k7uOCQb376NoUnuTJ8iYqiSfp5cyeOOBYrB/wFjKOgDK8a', 'DevOps Engineer', 'Austin, TX', null, false, '2024-08-28 09:45:00', 'PENDING_VERIFICATION', 'BASIC'),
('550e8400-e29b-41d4-a716-446655440004', 'sarah.johnson@example.com', 'Sarah', 'Johnson', '$2a$10$N.zmdr9k7uOCQb376NoUnuTJ8iYqiSfp5cyeOOBYrB/wFjKOgDK8a', 'Product Manager', 'Seattle, WA', null, true, '2024-09-03 16:20:00', 'ACTIVE', 'PREMIUM');

-- Insert fake companies
INSERT INTO company (id, name, industry, website, company_size, location, founded_year, description, note, logo, status) VALUES
('660e8400-e29b-41d4-a716-446655440001', 'TechCorp Solutions', 'Technology', 'https://techcorp.com', '501-1000', 'San Francisco, CA', '2010', 'A leading technology company focused on innovative software solutions for enterprise clients.', 'Great company culture and benefits', null, 'INTERESTED'),
('660e8400-e29b-41d4-a716-446655440002', 'DataFlow Inc', 'Data Analytics', 'https://dataflow.com', '51-200', 'New York, NY', '2018', 'Specializes in big data analytics and machine learning solutions for financial services.', 'Fast-growing startup with excellent growth opportunities', null, 'INTERESTED'),
('660e8400-e29b-41d4-a716-446655440003', 'CloudFirst Technologies', 'Cloud Computing', 'https://cloudfirst.com', '201-500', 'Austin, TX', '2015', 'Cloud infrastructure and DevOps automation platform provider.', 'Remote-friendly company', null, 'NOT_INTERESTED'),
('660e8400-e29b-41d4-a716-446655440004', 'InnovateLab', 'Software Development', 'https://innovatelab.com', '11-50', 'Seattle, WA', '2020', 'A startup focused on AI-powered development tools and productivity software.', 'Exciting projects with cutting-edge technology', null, 'INTERESTED'),
('660e8400-e29b-41d4-a716-446655440005', 'MegaCorp Enterprise', 'Enterprise Software', 'https://megacorp.com', '1000+', 'Chicago, IL', '1995', 'Large enterprise software company with global presence.', 'Stable but slow-moving corporate environment', null, 'BLOCKED'),
('660e8400-e29b-41d4-a716-446655440006', 'GreenEdge Systems', 'Sustainable Tech', 'https://greenedge.com', '51-200', 'Portland, OR', '2012', 'Sustainable technology solutions for energy and waste management.', 'Focused on environmental impact', null, 'INTERESTED'),
('660e8400-e29b-41d4-a716-446655440007', 'Mediva Health', 'Healthcare', 'https://mediva.com', '201-500', 'Boston, MA', '2008', 'Healthcare analytics and patient management systems.', 'Partnered with regional hospitals', null, 'INTERESTED'),
('660e8400-e29b-41d4-a716-446655440008', 'FinStream', 'FinTech', 'https://finstream.com', '51-200', 'New York, NY', '2016', 'Payment processing and financial workflow automation.', 'Competitive salaries and benefits', null, 'INTERESTED'),
('660e8400-e29b-41d4-a716-446655440009', 'EduNext', 'Education', 'https://edunext.com', '11-50', 'San Jose, CA', '2019', 'EdTech startup building adaptive learning platforms.', 'Strong mission-driven culture', null, 'NOT_INTERESTED'),
('660e8400-e29b-41d4-a716-44665544000a', 'SecureWave', 'Cybersecurity', 'https://securewave.com', '201-500', 'Washington, DC', '2011', 'Enterprise security tools for threat detection and response.', 'High bar for engineering hires', null, 'INTERESTED'),
('660e8400-e29b-41d4-a716-44665544000b', 'RetailWorks', 'Retail', 'https://retailworks.com', '501-1000', 'Los Angeles, CA', '2005', 'Retail management software and POS solutions.', 'Large client base across US', null, 'INTERESTED'),
('660e8400-e29b-41d4-a716-44665544000c', 'AgriTech Solutions', 'Agriculture', 'https://agritech.com', '51-200', 'Des Moines, IA', '2014', 'IoT and analytics for modern farming.', 'Working closely with agricultural cooperatives', null, 'INTERESTED'),
('660e8400-e29b-41d4-a716-44665544000d', 'BioNova Labs', 'Biotech', 'https://bionova.com', '11-50', 'San Diego, CA', '2017', 'Biotech research and genomic data analysis', 'Strong R&D focus', null, 'NOT_INTERESTED'),
('660e8400-e29b-41d4-a716-44665544000e', 'TransportIQ', 'Logistics', 'https://transportiq.com', '201-500', 'Chicago, IL', '2009', 'Logistics optimization and fleet management software.', 'Excellent data engineering challenges', null, 'INTERESTED'),
('660e8400-e29b-41d4-a716-44665544000f', 'Adverto Media', 'Advertising', 'https://advertomedia.com', '51-200', 'Denver, CO', '2013', 'Programmatic advertising and analytics platform.', 'Creative and fast-paced environment', null, 'INTERESTED'),
('660e8400-e29b-41d4-a716-446655440010', 'QuantumLeap', 'Research', 'https://quantumleap.com', '11-50', 'Cambridge, MA', '2018', 'Research lab focused on applied quantum computing.', 'Collaborations with universities', null, 'INTERESTED'),
('660e8400-e29b-41d4-a716-446655440011', 'CityGrid', 'Urban Tech', 'https://citygrid.com', '51-200', 'Seattle, WA', '2012', 'Smart city solutions and urban analytics.', 'Work with municipal partners', null, 'NOT_INTERESTED'),
('660e8400-e29b-41d4-a716-446655440012', 'BlockBase', 'Blockchain', 'https://blockbase.com', '11-50', 'Austin, TX', '2016', 'Blockchain infrastructure and smart contract tooling.', 'High-growth token projects', null, 'INTERESTED'),
('660e8400-e29b-41d4-a716-446655440013', 'DesignHive', 'Design', 'https://designhive.com', '11-50', 'Portland, OR', '2014', 'Product design studio and UX consultancy.', 'Remote-first with local hubs', null, 'INTERESTED'),
('660e8400-e29b-41d4-a716-446655440014', 'CleanWater Tech', 'Environmental', 'https://cleanwatertech.com', '51-200', 'Raleigh, NC', '2011', 'Water purification and treatment technologies.', 'Mission-driven team', null, 'NOT_INTERESTED'),
('660e8400-e29b-41d4-a716-446655440015', 'AutoPilot Systems', 'Automotive', 'https://autopilotsys.com', '201-500', 'Detroit, MI', '2007', 'Autonomous vehicle systems integrator.', 'Hardware-software integrated teams', null, 'BLOCKED'),
('660e8400-e29b-41d4-a716-446655440016', 'HealthLoop', 'HealthTech', 'https://healthloop.com', '51-200', 'Minneapolis, MN', '2013', 'Remote patient monitoring and telehealth platform.', 'Growing partnerships with clinics', null, 'INTERESTED'),
('660e8400-e29b-41d4-a716-446655440017', 'NanoMaterials Co', 'Manufacturing', 'https://nanomaterials.com', '11-50', 'Pittsburgh, PA', '2010', 'Advanced materials for industrial applications.', 'Strong manufacturing partners', null, 'INTERESTED'),
('660e8400-e29b-41d4-a716-446655440018', 'LegalEase', 'LegalTech', 'https://legalease.com', '51-200', 'Chicago, IL', '2015', 'Legal document automation and e-discovery tools.', 'Product-market fit in mid-market firms', null, 'NOT_INTERESTED'),
('660e8400-e29b-41d4-a716-446655440019', 'FinPulse', 'FinTech', 'https://finpulse.com', '201-500', 'San Francisco, CA', '2012', 'Real-time financial analytics for traders and ops.', 'High-frequency systems experience', null, 'INTERESTED'),
('660e8400-e29b-41d4-a716-44665544001a', 'TravelMate', 'Travel', 'https://travelmate.com', '51-200', 'Miami, FL', '2014', 'Travel booking and experience personalization.', 'Travel perks and remote options', null, 'INTERESTED'),
('660e8400-e29b-41d4-a716-44665544001b', 'HomeAI', 'Smart Home', 'https://homeai.com', '11-50', 'San Jose, CA', '2017', 'Smart home automation and AI assistants.', 'Startup environment with hardware teams', null, 'NOT_INTERESTED'),
('660e8400-e29b-41d4-a716-44665544001c', 'AgileWorks', 'Consulting', 'https://agileworks.com', '201-500', 'Atlanta, GA', '2003', 'Software consulting and delivery for enterprise clients.', 'Travel-heavy roles', null, 'INTERESTED'),
('660e8400-e29b-41d4-a716-44665544001d', 'GreenFleet', 'Transportation', 'https://greenfleet.com', '51-200', 'Seattle, WA', '2016', 'Electric vehicle fleet management solutions.', 'Strong climate focus', null, 'INTERESTED'),
('660e8400-e29b-41d4-a716-44665544001e', 'Orbit Labs', 'Aerospace', 'https://orbitlabs.com', '11-50', 'Los Angeles, CA', '2018', 'Small satellite systems and mission support.', 'Unique aerospace challenges', null, 'NOT_INTERESTED'),
('660e8400-e29b-41d4-a716-44665544001f', 'FoodCore', 'FoodTech', 'https://foodcore.com', '51-200', 'San Francisco, CA', '2011', 'Food supply chain tracking and freshness analytics.', 'Fast-moving startup', null, 'INTERESTED'),
('660e8400-e29b-41d4-a716-446655440020', 'CryptoSafe', 'Cybersecurity', 'https://cryptosafe.com', '11-50', 'New York, NY', '2019', 'Security tools for blockchain and crypto platforms.', 'Small specialized team', null, 'INTERESTED'),
('660e8400-e29b-41d4-a716-446655440021', 'WellnessWorks', 'Health & Wellness', 'https://wellnessworks.com', '51-200', 'Boulder, CO', '2014', 'Corporate wellness programs and analytics.', 'Flexible hours', null, 'NOT_INTERESTED'),
('660e8400-e29b-41d4-a716-446655440022', 'Artify Studio', 'Creative', 'https://artifystudio.com', '11-50', 'Brooklyn, NY', '2015', 'Creative agency and digital art studio.', 'Great design team', null, 'INTERESTED'),
('660e8400-e29b-41d4-a716-446655440023', 'SmartGrid Inc', 'Energy', 'https://smartgrid.com', '201-500', 'Houston, TX', '2006', 'Smart grid analytics and energy optimization.', 'Work with utilities', null, 'INTERESTED'),
('660e8400-e29b-41d4-a716-446655440024', 'KidsLearn', 'Education', 'https://kidslearn.com', '11-50', 'Raleigh, NC', '2020', 'Early learning platform with adaptive curriculum.', 'Growing user base in schools', null, 'INTERESTED'),
('660e8400-e29b-41d4-a716-446655440025', 'InsightAI', 'AI', 'https://insightai.com', '201-500', 'Palo Alto, CA', '2013', 'Applied AI services and ML model deployment.', 'Cutting-edge ML challenges', null, 'INTERESTED'),
('660e8400-e29b-41d4-a716-446655440026', 'SaaSly', 'SaaS', 'https://saasly.com', '51-200', 'Dallas, TX', '2016', 'SaaS tools for small businesses.', 'Friendly startup culture', null, 'NOT_INTERESTED'),
('660e8400-e29b-41d4-a716-446655440027', 'ClearView Optics', 'Optics', 'https://clearviewoptics.com', '11-50', 'Rochester, NY', '2010', 'Precision optics manufacturing and imaging software.', 'Engineering-heavy roles', null, 'INTERESTED'),
('660e8400-e29b-41d4-a716-446655440028', 'EventStream', 'Events', 'https://eventstream.com', '51-200', 'Nashville, TN', '2012', 'Event ticketing and analytics platform.', 'Fast-paced and customer-focused', null, 'INTERESTED'),
('660e8400-e29b-41d4-a716-446655440029', 'FarmGrid', 'Agriculture', 'https://farmgrid.com', '11-50', 'Fresno, CA', '2017', 'Precision agriculture data services.', 'Fieldwork and product ops', null, 'NOT_INTERESTED'),
('660e8400-e29b-41d4-a716-44665544002a', 'OptiRetail', 'RetailTech', 'https://optiretail.com', '51-200', 'San Francisco, CA', '2014', 'In-store analytics and inventory optimization.', 'Retail partnerships worldwide', null, 'INTERESTED'),
('660e8400-e29b-41d4-a716-44665544002b', 'Pulse Diagnostics', 'Medical Devices', 'https://pulsediagnostics.com', '51-200', 'Cleveland, OH', '2009', 'Portable diagnostic devices and analytics.', 'Clinical trials ongoing', null, 'INTERESTED'),
('660e8400-e29b-41d4-a716-44665544002c', 'EcoHomes', 'Construction', 'https://ecohomes.com', '201-500', 'Denver, CO', '2004', 'Sustainable housing materials and construction tech.', 'Strong sustainability goals', null, 'NOT_INTERESTED'),
('660e8400-e29b-41d4-a716-44665544002d', 'VoiceMate', 'Voice Tech', 'https://voicemate.com', '11-50', 'Seattle, WA', '2018', 'Voice assistant platforms for enterprises.', 'Small product teams', null, 'INTERESTED'),
('660e8400-e29b-41d4-a716-44665544002e', 'FleetX', 'Transportation', 'https://fleetx.com', '201-500', 'Atlanta, GA', '2011', 'Fleet analytics and route optimization.', 'Operations-focused engineering', null, 'INTERESTED'),
('660e8400-e29b-41d4-a716-44665544002f', 'Mindful Tech', 'Wellness', 'https://mindfultech.com', '11-50', 'San Francisco, CA', '2019', 'Mental health and employee wellbeing platform.', 'Remote-friendly policies', null, 'NOT_INTERESTED'),
('660e8400-e29b-41d4-a716-446655440030', 'Solaris Energy', 'Energy', 'https://solarisenergy.com', '501-1000', 'Phoenix, AZ', '2002', 'Solar energy project development and analytics.', 'Large-scale infrastructure projects', null, 'BLOCKED'),
('660e8400-e29b-41d4-a716-446655440031', 'FitTrack', 'HealthTech', 'https://fittrack.com', '51-200', 'San Diego, CA', '2015', 'Fitness and wearable analytics platform.', 'Product-focused engineering team', null, 'INTERESTED'),
('660e8400-e29b-41d4-a716-446655440032', 'MetaWorks', 'AR/VR', 'https://metaworks.com', '51-200', 'Los Angeles, CA', '2016', 'AR/VR content and platform development.', 'Creative tech teams', null, 'NOT_INTERESTED'),
('660e8400-e29b-41d4-a716-446655440033', 'CloudBank', 'FinTech', 'https://cloudbank.com', '201-500', 'Boston, MA', '2008', 'Cloud-native banking infrastructure.', 'Regulatory experience required', null, 'INTERESTED'),
('660e8400-e29b-41d4-a716-446655440034', 'PetCare Plus', 'PetTech', 'https://petcareplus.com', '11-50', 'Austin, TX', '2018', 'Pet health tracking and services marketplace.', 'Small, nimble team', null, 'INTERESTED'),
('660e8400-e29b-41d4-a716-446655440035', 'DataBridge', 'Integration', 'https://databridge.com', '51-200', 'San Francisco, CA', '2012', 'Data integration and ETL tooling for enterprises.', 'Strong data engineering culture', null, 'INTERESTED'),
('660e8400-e29b-41d4-a716-446655440036', 'ClearTax', 'TaxTech', 'https://cleartax.com', '201-500', 'Chicago, IL', '2006', 'Tax automation and compliance software.', 'Enterprise customers', null, 'NOT_INTERESTED'),
('660e8400-e29b-41d4-a716-446655440037', 'GreenHouse Foods', 'Food Production', 'https://greenhousefoods.com', '501-1000', 'Iowa City, IA', '1998', 'Sustainable food production and distribution.', 'Large manufacturing operations', null, 'INTERESTED'),
('660e8400-e29b-41d4-a716-446655440038', 'ByteCraft', 'Software', 'https://bytecraft.com', '51-200', 'Raleigh, NC', '2013', 'Custom software solutions for startups.', 'Consulting and product mix', null, 'INTERESTED'),
('660e8400-e29b-41d4-a716-446655440039', 'HomeCare Tech', 'HealthTech', 'https://homecaretech.com', '201-500', 'Orlando, FL', '2010', 'Home healthcare coordination and scheduling.', 'Operationally complex domain', null, 'NOT_INTERESTED'),
('660e8400-e29b-41d4-a716-44665544003a', 'EduGrow', 'Education', 'https://edugrow.com', '51-200', 'Burlington, VT', '2016', 'Professional development platforms for teachers.', 'EdTech expertise preferred', null, 'INTERESTED'),
('660e8400-e29b-41d4-a716-44665544003b', 'NanoMed', 'Biotech', 'https://nanomed.com', '11-50', 'Cambridge, MA', '2017', 'Nanotechnology-based medical solutions.', 'Research-heavy environment', null, 'NOT_INTERESTED'),
('660e8400-e29b-41d4-a716-44665544003c', 'UrbanMove', 'Mobility', 'https://urbanmove.com', '51-200', 'New York, NY', '2014', 'Last-mile mobility and micro-transit platform.', 'Transit partnerships', null, 'INTERESTED'),
('660e8400-e29b-41d4-a716-44665544003d', 'VoiceLogic', 'Speech Tech', 'https://voicelogic.com', '11-50', 'Pittsburgh, PA', '2019', 'Speech recognition and transcription APIs.', 'Small ML team', null, 'INTERESTED'),
('660e8400-e29b-41d4-a716-44665544003e', 'Renewal Energy', 'Energy', 'https://renewalenergy.com', '201-500', 'San Francisco, CA', '2005', 'Renewable energy asset management software.', 'Energy sector domain knowledge', null, 'NOT_INTERESTED'),
('660e8400-e29b-41d4-a716-44665544003f', 'ChefBot', 'Food Tech', 'https://chefbot.com', '11-50', 'San Francisco, CA', '2020', 'Automated kitchen assistant for restaurants.', 'Innovative product team', null, 'INTERESTED'),
('660e8400-e29b-41d4-a716-446655440040', 'Streamline HR', 'HR Tech', 'https://streamlinehr.com', '51-200', 'Chicago, IL', '2011', 'HR workflow automation and recruiting tools.', 'Strong product-market fit', null, 'INTERESTED'),
('660e8400-e29b-41d4-a716-446655440041', 'AeroDynamics', 'Aerospace', 'https://aerodynamics.com', '201-500', 'Seattle, WA', '2003', 'Aerodynamics and flight systems engineering.', 'Experienced engineering teams', null, 'BLOCKED'),
('660e8400-e29b-41d4-a716-446655440042', 'GreenPharm', 'Pharma', 'https://greenpharm.com', '51-200', 'Philadelphia, PA', '2010', 'Sustainable pharmaceutical manufacturing.', 'Regulatory background helpful', null, 'INTERESTED'),
('660e8400-e29b-41d4-a716-446655440043', 'DataViz Pro', 'Analytics', 'https://datavizpro.com', '11-50', 'San Francisco, CA', '2018', 'Visualization tools for big data.', 'Design and engineering blend', null, 'NOT_INTERESTED'),
('660e8400-e29b-41d4-a716-446655440044', 'MicroGrid', 'Energy', 'https://microgrid.com', '51-200', 'Oakland, CA', '2012', 'Distributed energy microgrid management.', 'Innovative energy work', null, 'INTERESTED'),
('660e8400-e29b-41d4-a716-446655440045', 'LegalLens', 'LegalTech', 'https://legallens.com', '11-50', 'San Diego, CA', '2017', 'AI-powered legal research and summarization.', 'Niche domain expertise', null, 'NOT_INTERESTED'),
('660e8400-e29b-41d4-a716-446655440046', 'AquaSense', 'WaterTech', 'https://aquasense.com', '51-200', 'Tampa, FL', '2013', 'Sensors and analytics for water systems.', 'Field deployment teams', null, 'INTERESTED'),
('660e8400-e29b-41d4-a716-446655440047', 'FleetMate', 'Transportation', 'https://fleetmate.com', '11-50', 'Cincinnati, OH', '2019', 'Small fleet management SaaS.', 'Early-stage startup', null, 'INTERESTED'),
('660e8400-e29b-41d4-a716-446655440048', 'CareConnect', 'HealthTech', 'https://careconnect.com', '201-500', 'Minneapolis, MN', '2008', 'Patient care coordination and analytics.', 'Large healthcare deals', null, 'NOT_INTERESTED'),
('660e8400-e29b-41d4-a716-446655440049', 'BrightSchool', 'Education', 'https://brightschool.com', '51-200', 'Chicago, IL', '2015', 'K-12 digital classroom tools and assessment.', 'Education partnerships in US', null, 'INTERESTED'),
('660e8400-e29b-41d4-a716-44665544004a', 'BlueFin', 'FinTech', 'https://bluefin.com', '201-500', 'Boston, MA', '2004', 'Wealth management and robo-advisor platform.', 'Mature product with enterprise clients', null, 'INTERESTED'),
('660e8400-e29b-41d4-a716-44665544004b', 'BioHealth', 'Biotech', 'https://biohealth.com', '501-1000', 'San Diego, CA', '1999', 'Large-scale biotech research and manufacturing.', 'Enterprise-grade operations', null, 'BLOCKED'),
('660e8400-e29b-41d4-a716-44665544004c', 'LocalMarket', 'Marketplace', 'https://localmarket.com', '51-200', 'Nashville, TN', '2014', 'Local goods marketplace connecting sellers and buyers.', 'Community-focused team', null, 'INTERESTED'),
('660e8400-e29b-41d4-a716-44665544004d', 'QuantumHealth', 'HealthTech', 'https://quantumhealth.com', '11-50', 'Cambridge, MA', '2018', 'Quantum computing applied to healthcare research.', 'Research collaborations', null, 'NOT_INTERESTED'),
('660e8400-e29b-41d4-a716-44665544004e', 'NextGen Robotics', 'Robotics', 'https://nextgenrobotics.com', '51-200', 'Palo Alto, CA', '2011', 'Industrial robotics and automation software.', 'Hardware-software integration', null, 'INTERESTED'),
('660e8400-e29b-41d4-a716-44665544004f', 'UrbanHarvest', 'FoodTech', 'https://urbanharvest.com', '11-50', 'Detroit, MI', '2016', 'Urban farming and vertical agriculture technology.', 'Local impact and sustainability', null, 'INTERESTED'),
('660e8400-e29b-41d4-a716-446655440050', 'VoiceFirst', 'Voice Tech', 'https://voicefirst.com', '51-200', 'San Francisco, CA', '2014', 'Conversational AI and voice platforms for businesses.', 'AI-driven product', null, 'INTERESTED'),
('660e8400-e29b-41d4-a716-446655440051', 'RenewTech', 'Energy', 'https://renewtech.com', '201-500', 'Austin, TX', '2007', 'Renewable energy integration and financing.', 'Energy sector partnerships', null, 'NOT_INTERESTED'),
('660e8400-e29b-41d4-a716-446655440052', 'FarmHand', 'Agritech', 'https://farmhand.com', '11-50', 'Fargo, ND', '2019', 'Farm management SaaS for small farms.', 'Bootstrapped and growing', null, 'INTERESTED'),
('660e8400-e29b-41d4-a716-446655440053', 'PathFinder', 'Navigation', 'https://pathfinder.com', '51-200', 'Palo Alto, CA', '2012', 'Advanced navigation and mapping services.', 'High-scale geospatial data', null, 'INTERESTED'),
('660e8400-e29b-41d4-a716-446655440054', 'GreenPrint', 'Sustainability', 'https://greenprint.com', '11-50', 'Burlington, VT', '2016', 'Sustainability reporting and carbon tracking.', 'Impact-focused company', null, 'INTERESTED'),
('660e8400-e29b-41d4-a716-446655440055', 'RetailSense', 'RetailTech', 'https://retailsense.com', '51-200', 'San Francisco, CA', '2013', 'Retail customer analytics and personalization.', 'Product-market fit in mid-market', null, 'NOT_INTERESTED'),
('660e8400-e29b-41d4-a716-446655440056', 'AquaPure', 'WaterTech', 'https://aquapure.com', '201-500', 'San Antonio, TX', '2001', 'Water purification systems and services.', 'Long-standing utility contracts', null, 'BLOCKED'),
('660e8400-e29b-41d4-a716-446655440057', 'SkillUp', 'EdTech', 'https://skillup.com', '51-200', 'Pittsburgh, PA', '2014', 'Career upskilling and micro-credential platform.', 'Strong content partnerships', null, 'INTERESTED'),
('660e8400-e29b-41d4-a716-446655440058', 'DataOcean', 'Analytics', 'https://dataocean.com', '201-500', 'Seattle, WA', '2009', 'Cloud data lake and analytics platform.', 'Enterprise-grade infrastructure', null, 'INTERESTED'),
('660e8400-e29b-41d4-a716-446655440059', 'PureFoods', 'Food Production', 'https://purefoods.com', '501-1000', 'Chicago, IL', '1996', 'Packaged foods and distribution.', 'Large-scale operations', null, 'NOT_INTERESTED'),
('660e8400-e29b-41d4-a716-44665544005a', 'TinyHome Co', 'Construction', 'https://tinyhomeco.com', '11-50', 'Portland, OR', '2017', 'Tiny home manufacturing and kits.', 'Small specialized team', null, 'INTERESTED'),
('660e8400-e29b-41d4-a716-44665544005b', 'CloudOps', 'DevOps', 'https://cloudops.com', '51-200', 'Seattle, WA', '2010', 'Managed DevOps and platform engineering services.', 'Consulting-heavy', null, 'INTERESTED'),
('660e8400-e29b-41d4-a716-44665544005c', 'BioGuard', 'Biotech', 'https://bioguard.com', '51-200', 'Madison, WI', '2011', 'Biotech safety and monitoring tools.', 'Lab-focused company', null, 'NOT_INTERESTED'),
('660e8400-e29b-41d4-a716-44665544005d', 'Marketlytics', 'Analytics', 'https://marketlytics.com', '201-500', 'New York, NY', '2008', 'Marketing analytics and attribution platform.', 'Data-heavy product', null, 'INTERESTED'),
('660e8400-e29b-41d4-a716-44665544005e', 'EcoMove', 'Mobility', 'https://ecomove.com', '51-200', 'Portland, OR', '2015', 'Sustainable micro-mobility solutions.', 'Field operations required', null, 'INTERESTED'),
('660e8400-e29b-41d4-a716-44665544005f', 'NeuroSoft', 'HealthTech', 'https://neurosoft.com', '11-50', 'Palo Alto, CA', '2018', 'Neurotechnology and cognitive health apps.', 'Small research team', null, 'NOT_INTERESTED'),
('660e8400-e29b-41d4-a716-446655440060', 'Predictly', 'AI', 'https://predictly.com', '51-200', 'San Francisco, CA', '2013', 'Predictive analytics for e-commerce and ops.', 'AI-driven products', null, 'INTERESTED'),
('660e8400-e29b-41d4-a716-446655440061', 'HomeChef', 'FoodTech', 'https://homechef.com', '201-500', 'Austin, TX', '2006', 'Meal kit and home cooking platform.', 'Consumer product focus', null, 'INTERESTED'),
('660e8400-e29b-41d4-a716-446655440062', 'OptiMed', 'Healthcare', 'https://optimed.com', '51-200', 'Rochester, MN', '2012', 'Optimizing medical workflows and scheduling.', 'Healthcare integrations', null, 'NOT_INTERESTED'),
('660e8400-e29b-41d4-a716-446655440063', 'TinyRobots', 'Robotics', 'https://tinyrobots.com', '11-50', 'San Jose, CA', '2019', 'Miniature robotics for consumer devices.', 'Hardware R&D', null, 'INTERESTED'),
('660e8400-e29b-41d4-a716-446655440064', 'ClearWater', 'Environmental', 'https://clearwater.com', '51-200', 'Raleigh, NC', '2004', 'Water resource management and analytics.', 'Government contracts', null, 'INTERESTED'),
('660e8400-e29b-41d4-a716-446655440065', 'Sportify', 'SportsTech', 'https://sportify.com', '51-200', 'Los Angeles, CA', '2013', 'Athlete performance and analytics platform.', 'Strong partnerships with teams', null, 'NOT_INTERESTED'),
('660e8400-e29b-41d4-a716-446655440066', 'BuildSmart', 'ConstructionTech', 'https://buildsmart.com', '201-500', 'Seattle, WA', '2009', 'Construction project management and scheduling tools.', 'Enterprise sales team', null, 'INTERESTED'),
('660e8400-e29b-41d4-a716-446655440067', 'UrbanEats', 'Food Delivery', 'https://urbaneats.com', '201-500', 'New York, NY', '2010', 'Local restaurant delivery and marketplace.', 'Logistics-focused', null, 'BLOCKED'),
('660e8400-e29b-41d4-a716-446655440068', 'FleetSecure', 'Security', 'https://fleetsecure.com', '51-200', 'Detroit, MI', '2014', 'Vehicle security and anti-theft solutions.', 'Hardware-software blend', null, 'INTERESTED'),
('660e8400-e29b-41d4-a716-446655440069', 'BrightHealth', 'HealthTech', 'https://brighthealth.com', '501-1000', 'Minneapolis, MN', '2000', 'Large-scale healthcare platform with insurer partnerships.', 'Corporate environment', null, 'NOT_INTERESTED'),
('660e8400-e29b-41d4-a716-44665544006a', 'ShopEase', 'Ecommerce', 'https://shopease.com', '201-500', 'San Francisco, CA', '2011', 'E-commerce platform for small retailers.', 'Tech-forward product', null, 'INTERESTED'),
('660e8400-e29b-41d4-a716-44665544006b', 'RoboFarm', 'AgriTech', 'https://robofarm.com', '11-50', 'Boise, ID', '2018', 'Robotic farming equipment and automation.', 'Field deployments', null, 'NOT_INTERESTED'),
('660e8400-e29b-41d4-a716-44665544006c', 'CloudSecure', 'Cybersecurity', 'https://cloudsecure.com', '201-500', 'San Francisco, CA', '2007', 'Cloud security and compliance tooling.', 'Enterprise clients and audits', null, 'INTERESTED'),
('660e8400-e29b-41d4-a716-44665544006d', 'DataSprout', 'Analytics', 'https://datasprout.com', '11-50', 'Boulder, CO', '2016', 'Small analytics consultancy and tools.', 'Consulting-style work', null, 'INTERESTED'),
('660e8400-e29b-41d4-a716-44665544006e', 'AeroNav', 'Aerospace', 'https://aeronav.com', '51-200', 'Seattle, WA', '2010', 'Navigation systems for small aircraft.', 'Specialized engineering', null, 'INTERESTED'),
('660e8400-e29b-41d4-a716-44665544006f', 'GreenFold', 'Sustainability', 'https://greenfold.com', '11-50', 'Burlington, VT', '2019', 'Packaging alternatives and compostable materials.', 'Mission-driven work', null, 'INTERESTED'),
('660e8400-e29b-41d4-a716-446655440070', 'AdaptiLearn', 'EdTech', 'https://adaptilearn.com', '51-200', 'Cambridge, MA', '2015', 'Adaptive learning for higher education.', 'Academic partnerships', null, 'NOT_INTERESTED'),
('660e8400-e29b-41d4-a716-446655440071', 'BioSense', 'Biotech', 'https://biosense.com', '11-50', 'San Diego, CA', '2014', 'Biosensor development for diagnostics.', 'Lab-based R&D', null, 'INTERESTED'),
('660e8400-e29b-41d4-a716-446655440072', 'SecuriPay', 'FinTech', 'https://securipay.com', '51-200', 'New York, NY', '2012', 'Secure payment gateways and fraud detection.', 'Security-first engineering', null, 'INTERESTED'),
('660e8400-e29b-41d4-a716-446655440073', 'BrightPath', 'Career', 'https://brightpath.com', '11-50', 'Austin, TX', '2017', 'Career coaching and job matching platform.', 'Consumer-facing product', null, 'NOT_INTERESTED'),
('660e8400-e29b-41d4-a716-446655440074', 'CleanTech Ventures', 'CleanTech', 'https://cleantechventures.com', '51-200', 'San Jose, CA', '2011', 'Incubator for clean technology startups.', 'Venture-backed operations', null, 'INTERESTED'),
('660e8400-e29b-41d4-a716-446655440075', 'SolarWorks', 'Energy', 'https://solarworks.com', '201-500', 'Tucson, AZ', '2005', 'Solar tech manufacturing and deployment.', 'Manufacturing-heavy', null, 'NOT_INTERESTED'),
('660e8400-e29b-41d4-a716-446655440076', 'MindTrack', 'HealthTech', 'https://mindtrack.com', '11-50', 'Boulder, CO', '2018', 'Mental health tracking and therapy tools.', 'Clinical partnerships', null, 'INTERESTED'),
('660e8400-e29b-41d4-a716-446655440077', 'AquaFarm', 'Agriculture', 'https://aquafarm.com', '51-200', 'Sacramento, CA', '2014', 'Aquaponics and sustainable food production.', 'Research and operations combined', null, 'INTERESTED'),
('660e8400-e29b-41d4-a716-446655440078', 'NeoLogix', 'Logistics', 'https://neologix.com', '201-500', 'Memphis, TN', '2001', 'Logistics and warehouse automation.', 'Large enterprise clientele', null, 'BLOCKED'),
('660e8400-e29b-41d4-a716-446655440079', 'DataWave', 'Analytics', 'https://datawave.com', '51-200', 'San Francisco, CA', '2013', 'Streaming analytics and real-time dashboards.', 'High-scale streaming systems', null, 'INTERESTED'),
('660e8400-e29b-41d4-a716-44665544007a', 'HomeEase', 'Smart Home', 'https://homeease.com', '11-50', 'San Jose, CA', '2019', 'Home automation and energy management.', 'Small product teams', null, 'NOT_INTERESTED'),
('660e8400-e29b-41d4-a716-44665544007b', 'SecureDocs', 'Security', 'https://securedocs.com', '51-200', 'Boston, MA', '2010', 'Document security and access control.', 'Enterprise sales cycle', null, 'INTERESTED'),
('660e8400-e29b-41d4-a716-44665544007c', 'GreenLog', 'Logistics', 'https://greenlog.com', '51-200', 'Seattle, WA', '2016', 'Low-emission logistics and routing.', 'Sustainability focus', null, 'INTERESTED'),
('660e8400-e29b-41d4-a716-44665544007d', 'PharmaNext', 'Pharma', 'https://pharmanext.com', '201-500', 'Philadelphia, PA', '2002', 'Pharmaceutical supply chain management.', 'Regulatory domain', null, 'NOT_INTERESTED'),
('660e8400-e29b-41d4-a716-44665544007e', 'CodeLabs', 'Education', 'https://codelabs.com', '51-200', 'Seattle, WA', '2014', 'Online coding bootcamps and learning tools.', 'Fast-paced product updates', null, 'INTERESTED'),
('660e8400-e29b-41d4-a716-44665544007f', 'AeroWorks', 'Aerospace', 'https://aeroworks.com', '11-50', 'Tucson, AZ', '2018', 'Satellite components and UAV systems.', 'Small specialized teams', null, 'NOT_INTERESTED'),
('660e8400-e29b-41d4-a716-446655440080', 'FoodChain', 'FoodTech', 'https://foodchain.com', '51-200', 'Chicago, IL', '2013', 'Supply chain transparency for food products.', 'Traceability challenges', null, 'INTERESTED'),
('660e8400-e29b-41d4-a716-446655440081', 'DeepLearn Labs', 'AI', 'https://deeplearnlabs.com', '51-200', 'Palo Alto, CA', '2016', 'Deep learning research and ML platforms.', 'Research-oriented', null, 'INTERESTED');

-- Insert fake company meta data
INSERT INTO company_meta_data (id, company_id, meta_name, meta_value) VALUES
('d70e8400-e29b-41d4-a716-446655440001', '660e8400-e29b-41d4-a716-446655440001', 'core_technologies', 'Java, Spring Boot, Kubernetes'),
('d70e8400-e29b-41d4-a716-446655440002', '660e8400-e29b-41d4-a716-446655440001', 'remote_policy', 'Hybrid (3 days remote/week)'),
('d70e8400-e29b-41d4-a716-446655440003', '660e8400-e29b-41d4-a716-446655440001', 'linkedin', 'https://linkedin.com/company/techcorp-solutions'),
('d70e8400-e29b-41d4-a716-446655440004', '660e8400-e29b-41d4-a716-446655440002', 'core_technologies', 'Python, Spark, TensorFlow'),
('d70e8400-e29b-41d4-a716-446655440005', '660e8400-e29b-41d4-a716-446655440002', 'funding_stage', 'Series B'),
('d70e8400-e29b-41d4-a716-446655440006', '660e8400-e29b-41d4-a716-446655440002', 'remote_policy', 'Remote-first'),
('d70e8400-e29b-41d4-a716-446655440007', '660e8400-e29b-41d4-a716-446655440003', 'cloud_providers', 'AWS, GCP'),
('d70e8400-e29b-41d4-a716-446655440008', '660e8400-e29b-41d4-a716-446655440003', 'certifications', 'AWS Advanced Consulting Partner'),
('d70e8400-e29b-41d4-a716-446655440009', '660e8400-e29b-41d4-a716-446655440004', 'recent_awards', 'Best Startup 2023'),
('d70e8400-e29b-41d4-a716-44665544000a', '660e8400-e29b-41d4-a716-446655440004', 'core_technologies', 'Rust, ML Ops'),
('d70e8400-e29b-41d4-a716-44665544000b', '660e8400-e29b-41d4-a716-446655440005', 'global_offices', 'Chicago; London; Bangalore'),
('d70e8400-e29b-41d4-a716-44665544000c', '660e8400-e29b-41d4-a716-446655440005', 'enterprise_customers', 'BankCorp; InsureCo');

-- Insert fake applications
INSERT INTO application (id, url, title, location, applied_at, salary, note, raw_content, description, cover_letter, resume_insights, status, company_id, profile_id) VALUES
('770e8400-e29b-41d4-a716-446655440001', 'https://techcorp.com/careers/senior-dev', 'Senior Software Engineer', 'San Francisco, CA', '2024-08-15 09:00:00', '$120,000 - $150,000', 'Great opportunity for backend development', 'Senior Software Engineer position...', 'Looking for an experienced backend developer with Java/Spring expertise', 'Dear Hiring Manager, I am excited to apply...', 'Strong match for Java and Spring Boot experience', 'APPLIED', '660e8400-e29b-41d4-a716-446655440001', '550e8400-e29b-41d4-a716-446655440001'),
('770e8400-e29b-41d4-a716-446655440002', 'https://dataflow.com/jobs/frontend-dev', 'Frontend Developer', 'New York, NY', '2024-08-20 11:30:00', '$90,000 - $110,000', 'React and Vue.js focus', 'Frontend Developer role...', 'Seeking a frontend developer with modern JavaScript frameworks', 'I am passionate about creating user-friendly interfaces...', 'Good fit for React experience, some Vue.js knowledge', 'IN_PROGRESS', '660e8400-e29b-41d4-a716-446655440002', '550e8400-e29b-41d4-a716-446655440002'),
('770e8400-e29b-41d4-a716-446655440003', 'https://cloudfirst.com/careers/devops', 'DevOps Engineer', 'Austin, TX', '2024-08-25 14:15:00', '$100,000 - $130,000', 'AWS and Kubernetes required', 'DevOps Engineer position...', 'Looking for DevOps engineer with cloud infrastructure experience', 'My experience with cloud platforms aligns perfectly...', 'Excellent match for AWS and containerization skills', 'OFFER_RECEIVED', '660e8400-e29b-41d4-a716-446655440003', '550e8400-e29b-41d4-a716-446655440003'),
('770e8400-e29b-41d4-a716-446655440004', 'https://innovatelab.com/join/product-manager', 'Product Manager', 'Seattle, WA', '2024-09-01 10:00:00', '$110,000 - $140,000', 'AI product focus', 'Product Manager role...', 'Product Manager for AI-powered development tools', 'With my background in product management and AI...', 'Strong product management background', 'APPLIED', '660e8400-e29b-41d4-a716-446655440004', '550e8400-e29b-41d4-a716-446655440004'),
('770e8400-e29b-41d4-a716-446655440005', 'https://techcorp.com/careers/fullstack', 'Full Stack Developer', 'San Francisco, CA', '2024-08-10 13:45:00', '$95,000 - $125,000', 'Junior to mid-level position', 'Full Stack Developer position...', 'Full stack developer with both frontend and backend skills', 'I bring experience in both frontend and backend...', 'Balanced full-stack experience', 'REJECTED', '660e8400-e29b-41d4-a716-446655440001', '550e8400-e29b-41d4-a716-446655440002'),
('770e8400-e29b-41d4-a716-446655440006', 'https://megacorp.com/careers/architect', 'Software Architect', 'Chicago, IL', '2024-07-30 16:20:00', '$160,000 - $200,000', 'Enterprise architecture role', 'Software Architect position...', 'Senior architect role for enterprise solutions', 'My architectural experience with enterprise systems...', 'Strong enterprise architecture background', 'DECLINED', '660e8400-e29b-41d4-a716-446655440005', '550e8400-e29b-41d4-a716-446655440001');

-- Insert fake application meta data
INSERT INTO application_meta_data (id, application_id, meta_name, meta_value) VALUES
('a70e8400-e29b-41d4-a716-446655440001', '770e8400-e29b-41d4-a716-446655440001', 'recruiter', 'Alice Reynolds'),
('a70e8400-e29b-41d4-a716-446655440002', '770e8400-e29b-41d4-a716-446655440001', 'referral', 'Employee Referral: Jane Smith'),
('a70e8400-e29b-41d4-a716-446655440003', '770e8400-e29b-41d4-a716-446655440002', 'tech_stack', 'React, TypeScript'),
('a70e8400-e29b-41d4-a716-446655440004', '770e8400-e29b-41d4-a716-446655440002', 'hiring_manager', 'Carlos Diaz'),
('a70e8400-e29b-41d4-a716-446655440005', '770e8400-e29b-41d4-a716-446655440003', 'interview_location', 'Remote'),
('a70e8400-e29b-41d4-a716-446655440006', '770e8400-e29b-41d4-a716-446655440003', 'required_certifications', 'AWS Certified Solutions Architect'),
('a70e8400-e29b-41d4-a716-446655440007', '770e8400-e29b-41d4-a716-446655440004', 'product_area', 'AI tooling'),
('a70e8400-e29b-41d4-a716-446655440008', '770e8400-e29b-41d4-a716-446655440004', 'team_size', '5-10'),
('a70e8400-e29b-41d4-a716-446655440009', '770e8400-e29b-41d4-a716-446655440005', 'level', 'Junior-Mid'),
('a70e8400-e29b-41d4-a716-44665544000a', '770e8400-e29b-41d4-a716-446655440005', 'application_source', 'Company Careers Page'),
('a70e8400-e29b-41d4-a716-44665544000b', '770e8400-e29b-41d4-a716-446655440006', 'sponsorship', 'No'),
('a70e8400-e29b-41d4-a716-44665544000c', '770e8400-e29b-41d4-a716-446655440006', 'remote_possible', 'Yes');

-- Insert fake application attachments
INSERT INTO application_attachment (id, name, path, content_type, content_length, application_id) VALUES
('880e8400-e29b-41d4-a716-446655440001', 'resume.pdf', '/uploads/attachments/resume.pdf', 'application/pdf', 204800, '770e8400-e29b-41d4-a716-446655440001'),
('880e8400-e29b-41d4-a716-446655440002', 'cover_letter.pdf', '/uploads/attachments/cover_letter.pdf', 'application/pdf', 102400, '770e8400-e29b-41d4-a716-446655440002'),
('880e8400-e29b-41d4-a716-446655440003', 'portfolio.zip', '/uploads/attachments/portfolio.zip', 'application/zip', 51200, '770e8400-e29b-41d4-a716-446655440003'),
('880e8400-e29b-41d4-a716-446655440004', 'references.pdf', '/uploads/attachments/references.pdf', 'application/pdf', 30720, '770e8400-e29b-41d4-a716-446655440004'),
('880e8400-e29b-41d4-a716-446655440005', 'git_links.txt', '/uploads/attachments/git_links.txt', 'text/plain', 1024, '770e8400-e29b-41d4-a716-446655440001'),
('880e8400-e29b-41d4-a716-446655440006', 'case_study_dataflow.pdf', '/uploads/attachments/case_study_dataflow.pdf', 'application/pdf', 45200, '770e8400-e29b-41d4-a716-446655440002'),
('880e8400-e29b-41d4-a716-446655440007', 'k8s_manifests.yml', '/uploads/attachments/k8s_manifests.yml', 'text/yaml', 4096, '770e8400-e29b-41d4-a716-446655440003'),
('880e8400-e29b-41d4-a716-446655440008', 'pm_roadmap.pptx', '/uploads/attachments/pm_roadmap.pptx', 'application/vnd.openxmlformats-officedocument.presentationml.presentation', 120000, '770e8400-e29b-41d4-a716-446655440004'),
('880e8400-e29b-41d4-a716-446655440009', 'coverletter_fullstack.docx', '/uploads/attachments/coverletter_fullstack.docx', 'application/vnd.openxmlformats-officedocument.wordprocessingml.document', 16000, '770e8400-e29b-41d4-a716-446655440005'),
('880e8400-e29b-41d4-a716-44665544000a', 'salary_expectations.pdf', '/uploads/attachments/salary_expectations.pdf', 'application/pdf', 2048, '770e8400-e29b-41d4-a716-446655440006');

-- Insert fake application resumes (one per application)
INSERT INTO application_resume (id, name, path, content_type, content_length, application_id) VALUES
('990e8400-e29b-41d4-a716-446655440001', 'resume_techcorp.pdf', '/uploads/resumes/resume_techcorp.pdf', 'application/pdf', 52345, '770e8400-e29b-41d4-a716-446655440001'),
('990e8400-e29b-41d4-a716-446655440002', 'resume_dataflow.pdf', '/uploads/resumes/resume_dataflow.pdf', 'application/pdf', 61234, '770e8400-e29b-41d4-a716-446655440002'),
('990e8400-e29b-41d4-a716-446655440003', 'resume_cloudfirst.pdf', '/uploads/resumes/resume_cloudfirst.pdf', 'application/pdf', 48900, '770e8400-e29b-41d4-a716-446655440003'),
('990e8400-e29b-41d4-a716-446655440004', 'resume_innovatelab.pdf', '/uploads/resumes/resume_innovatelab.pdf', 'application/pdf', 70012, '770e8400-e29b-41d4-a716-446655440004'),
('990e8400-e29b-41d4-a716-446655440005', 'resume_fullstack.pdf', '/uploads/resumes/resume_fullstack.pdf', 'application/pdf', 43000, '770e8400-e29b-41d4-a716-446655440005'),
('990e8400-e29b-41d4-a716-446655440006', 'resume_megacorp.pdf', '/uploads/resumes/resume_megacorp.pdf', 'application/pdf', 98000, '770e8400-e29b-41d4-a716-446655440006');

-- Insert fake application timeline events (4-5 per application)
INSERT INTO application_timeline (id, title, description, status, occurred_at, application_id) VALUES
('a10e8400-e29b-41d4-a716-446655440001', 'Created draft', 'Initial application draft created', 'INITIATED', '2024-08-10 08:30:00', '770e8400-e29b-41d4-a716-446655440001'),
('a10e8400-e29b-41d4-a716-446655440002', 'Submitted online', 'Application submitted via company careers page', 'APPLIED', '2024-08-15 09:00:00', '770e8400-e29b-41d4-a716-446655440001'),
('a10e8400-e29b-41d4-a716-446655440003', 'Phone screen scheduled', '30-minute phone screen scheduled with recruiter', 'IN_PROGRESS', '2024-08-20 11:00:00', '770e8400-e29b-41d4-a716-446655440001'),
('a10e8400-e29b-41d4-a716-446655440004', 'Coding challenge assigned', 'Take-home coding challenge sent to candidate', 'IN_PROGRESS', '2024-08-25 10:00:00', '770e8400-e29b-41d4-a716-446655440001'),
('a10e8400-e29b-41d4-a716-446655440005', 'Created draft', 'Initial application draft created', 'INITIATED', '2024-08-18 09:15:00', '770e8400-e29b-41d4-a716-446655440002'),
('a10e8400-e29b-41d4-a716-446655440006', 'Submitted', 'Applied through referral link', 'APPLIED', '2024-08-20 11:30:00', '770e8400-e29b-41d4-a716-446655440002'),
('a10e8400-e29b-41d4-a716-446655440007', 'Phone interview', 'Phone interview with hiring manager', 'IN_PROGRESS', '2024-08-24 15:00:00', '770e8400-e29b-41d4-a716-446655440002'),
('a10e8400-e29b-41d4-a716-446655440008', 'Onsite interview', 'Onsite/virtual panel interview scheduled', 'IN_PROGRESS', '2024-08-30 09:00:00', '770e8400-e29b-41d4-a716-446655440002'),
('a10e8400-e29b-41d4-a716-446655440009', 'Created draft', 'Initial application created', 'INITIATED', '2024-08-20 10:00:00', '770e8400-e29b-41d4-a716-446655440003'),
('a10e8400-e29b-41d4-a716-44665544000a', 'Submitted', 'Applied via company portal', 'APPLIED', '2024-08-25 14:15:00', '770e8400-e29b-41d4-a716-446655440003'),
('a10e8400-e29b-41d4-a716-44665544000b', 'Technical screen', 'Technical screening completed (good)', 'IN_PROGRESS', '2024-08-28 13:30:00', '770e8400-e29b-41d4-a716-446655440003'),
('a10e8400-e29b-41d4-a716-44665544000c', 'Offer extended', 'Company extended an offer', 'OFFER_RECEIVED', '2024-09-02 10:00:00', '770e8400-e29b-41d4-a716-446655440003'),
('a10e8400-e29b-41d4-a716-44665544000d', 'Created draft', 'Application started', 'INITIATED', '2024-08-28 12:00:00', '770e8400-e29b-41d4-a716-446655440004'),
('a10e8400-e29b-41d4-a716-44665544000e', 'Submitted', 'Submitted application for Product Manager role', 'APPLIED', '2024-09-01 10:00:00', '770e8400-e29b-41d4-a716-446655440004'),
('a10e8400-e29b-41d4-a716-44665544000f', 'Take-home exercise', 'Completed take-home assignment', 'IN_PROGRESS', '2024-09-05 08:00:00', '770e8400-e29b-41d4-a716-446655440004'),
('a10e8400-e29b-41d4-a716-446655440010', 'Panel interview scheduled', 'Panel interview scheduled with PM and engineers', 'IN_PROGRESS', '2024-09-10 14:00:00', '770e8400-e29b-41d4-a716-446655440004'),
('a10e8400-e29b-41d4-a716-446655440011', 'Created draft', 'Application created', 'INITIATED', '2024-08-05 14:00:00', '770e8400-e29b-41d4-a716-446655440005'),
('a10e8400-e29b-41d4-a716-446655440012', 'Submitted', 'Submitted candidate profile and materials', 'APPLIED', '2024-08-10 13:45:00', '770e8400-e29b-41d4-a716-446655440005'),
('a10e8400-e29b-41d4-a716-446655440013', 'Code review', 'Code samples and review completed', 'IN_PROGRESS', '2024-08-16 10:30:00', '770e8400-e29b-41d4-a716-446655440005'),
('a10e8400-e29b-41d4-a716-446655440014', 'Rejected', 'Application was rejected after review', 'REJECTED', '2024-09-05 09:15:00', '770e8400-e29b-41d4-a716-446655440005'),
('a10e8400-e29b-41d4-a716-446655440015', 'Created draft', 'Initial application entry', 'INITIATED', '2024-07-25 11:00:00', '770e8400-e29b-41d4-a716-446655440006'),
('a10e8400-e29b-41d4-a716-446655440016', 'Submitted', 'Applied via company job posting', 'APPLIED', '2024-07-30 16:20:00', '770e8400-e29b-41d4-a716-446655440006'),
('a10e8400-e29b-41d4-a716-446655440017', 'Interview', 'Technical interview completed', 'IN_PROGRESS', '2024-08-10 09:00:00', '770e8400-e29b-41d4-a716-446655440006'),
('a10e8400-e29b-41d4-a716-446655440018', 'Offer received', 'Received offer but candidate declined', 'OFFER_RECEIVED', '2024-08-20 12:00:00', '770e8400-e29b-41d4-a716-446655440006');

-- Insert fake interview notes for applications (2 per application)
INSERT INTO interview_note (id, date, notes, application_id) VALUES
('b10e8400-e29b-41d4-a716-446655440001', '2024-08-20 11:15:00', 'Phone screen with recruiter — good cultural fit, follow-up technical challenge assigned.', '770e8400-e29b-41d4-a716-446655440001'),
('b10e8400-e29b-41d4-a716-446655440002', '2024-08-27 09:45:00', 'Code review session — candidate passed coding challenge with minor issues.', '770e8400-e29b-41d4-a716-446655440001'),
('b10e8400-e29b-41d4-a716-446655440003', '2024-08-21 12:00:00', 'Initial recruiter call via referral — positive, moved to phone interview.', '770e8400-e29b-41d4-a716-446655440002'),
('b10e8400-e29b-41d4-a716-446655440004', '2024-08-30 09:30:00', 'Phone interview with hiring manager — discussed frontend architecture.', '770e8400-e29b-41d4-a716-446655440002'),
('b10e8400-e29b-41d4-a716-446655440005', '2024-08-26 14:00:00', 'Phone technical screen — strong AWS/Kubernetes experience demonstrated.', '770e8400-e29b-41d4-a716-446655440003'),
('b10e8400-e29b-41d4-a716-446655440006', '2024-09-02 10:05:00', 'On-site panel — architecture discussion; offer prepared.', '770e8400-e29b-41d4-a716-446655440003'),
('b10e8400-e29b-41d4-a716-446655440007', '2024-09-03 11:00:00', 'Recruiter screen for PM role — strong product instincts.', '770e8400-e29b-41d4-a716-446655440004'),
('b10e8400-e29b-41d4-a716-446655440008', '2024-09-10 14:30:00', 'Panel interview with engineering and design — follow-up requested.', '770e8400-e29b-41d4-a716-446655440004'),
('b10e8400-e29b-41d4-a716-446655440009', '2024-08-11 09:00:00', 'Submitted materials reviewed — code samples looked good, moved to review.', '770e8400-e29b-41d4-a716-446655440005'),
('b10e8400-e29b-41d4-a716-44665544000a', '2024-09-05 09:10:00', 'Final feedback: rejected due to mismatch on seniority.', '770e8400-e29b-41d4-a716-446655440005'),
('b10e8400-e29b-41d4-a716-44665544000b', '2024-07-31 16:40:00', 'Recruiter call and benefits discussion.', '770e8400-e29b-41d4-a716-446655440006'),
('b10e8400-e29b-41d4-a716-44665544000c', '2024-08-10 09:30:00', 'Technical interview notes: strong system design, candidate later declined offer.', '770e8400-e29b-41d4-a716-446655440006');

-- Insert fake interview attachments (0-2 per interview note)
INSERT INTO interview_attachment (id, name, path, content_type, content_length, interview_note_id) VALUES
('c10e8400-e29b-41d4-a716-446655440001', 'phone_screen_notes_techcorp.txt', '/uploads/interviews/phone_screen_notes_techcorp.txt', 'text/plain', 2048, 'b10e8400-e29b-41d4-a716-446655440001'),
('c10e8400-e29b-41d4-a716-446655440002', 'coding_challenge_solution.zip', '/uploads/interviews/coding_challenge_solution.zip', 'application/zip', 45678, 'b10e8400-e29b-41d4-a716-446655440002'),
('c10e8400-e29b-41d4-a716-446655440003', 'challenge_feedback.pdf', '/uploads/interviews/challenge_feedback.pdf', 'application/pdf', 10240, 'b10e8400-e29b-41d4-a716-446655440002'),
('c10e8400-e29b-41d4-a716-446655440004', 'referral_screencap.png', '/uploads/interviews/referral_screencap.png', 'image/png', 34200, 'b10e8400-e29b-41d4-a716-446655440003'),
('c10e8400-e29b-41d4-a716-446655440005', 'hiring_manager_notes.pdf', '/uploads/interviews/hiring_manager_notes.pdf', 'application/pdf', 18432, 'b10e8400-e29b-41d4-a716-446655440004'),
('c10e8400-e29b-41d4-a716-446655440006', 'k8s_runbook.md', '/uploads/interviews/k8s_runbook.md', 'text/markdown', 5120, 'b10e8400-e29b-41d4-a716-446655440005'),
('c10e8400-e29b-41d4-a716-446655440007', 'offer_terms.pdf', '/uploads/interviews/offer_terms.pdf', 'application/pdf', 22000, 'b10e8400-e29b-41d4-a716-446655440006'),
('c10e8400-e29b-41d4-a716-446655440008', 'pm_screen_notes.txt', '/uploads/interviews/pm_screen_notes.txt', 'text/plain', 4096, 'b10e8400-e29b-41d4-a716-446655440007'),
('c10e8400-e29b-41d4-a716-446655440009', 'panel_followup_tasks.docx', '/uploads/interviews/panel_followup_tasks.docx', 'application/vnd.openxmlformats-officedocument.wordprocessingml.document', 15360, 'b10e8400-e29b-41d4-a716-446655440008'),
('c10e8400-e29b-41d4-a716-44665544000a', 'code_review_comments.txt', '/uploads/interviews/code_review_comments.txt', 'text/plain', 3072, 'b10e8400-e29b-41d4-a716-446655440009'),
('c10e8400-e29b-41d4-a716-44665544000b', 'rejection_reason.pdf', '/uploads/interviews/rejection_reason.pdf', 'application/pdf', 5120, 'b10e8400-e29b-41d4-a716-44665544000a'),
('c10e8400-e29b-41d4-a716-44665544000c', 'benefits_summary.pdf', '/uploads/interviews/benefits_summary.pdf', 'application/pdf', 9216, 'b10e8400-e29b-41d4-a716-44665544000b'),
('c10e8400-e29b-41d4-a716-44665544000d', 'system_design_notes.pdf', '/uploads/interviews/system_design_notes.pdf', 'application/pdf', 20480, 'b10e8400-e29b-41d4-a716-44665544000c');

-- Insert fake profile resumes (one per profile)
INSERT INTO profile_resume (id, name, path, content_type, content_length, profile_id) VALUES
('a90e8400-e29b-41d4-a716-446655440001', 'john_doe_resume.pdf', '/uploads/profile_resumes/john_doe_resume.pdf', 'application/pdf', 45000, '550e8400-e29b-41d4-a716-446655440001'),
('a90e8400-e29b-41d4-a716-446655440002', 'jane_smith_resume.pdf', '/uploads/profile_resumes/jane_smith_resume.pdf', 'application/pdf', 38000, '550e8400-e29b-41d4-a716-446655440002'),
('a90e8400-e29b-41d4-a716-446655440003', 'mike_wilson_resume.pdf', '/uploads/profile_resumes/mike_wilson_resume.pdf', 'application/pdf', 41000, '550e8400-e29b-41d4-a716-446655440003'),
('a90e8400-e29b-41d4-a716-446655440004', 'sarah_johnson_resume.pdf', '/uploads/profile_resumes/sarah_johnson_resume.pdf', 'application/pdf', 47000, '550e8400-e29b-41d4-a716-446655440004');
